geoid,closest_datetime,closest_dist,highwind_datetime,vmax_sust,vmax_gust,sust_dur,gust_dur
0136530,2018-10-10T13:45:00Z,193.280685182221,2018-10-10T13:45:00Z,17.97986447449739,26.78999806700111,0,0
0136550,2018-10-10T18:30:00Z,249.347072490321,2018-10-10T20:15:00Z,13.37996817360037,19.93615257866455,0,0
0136576,2018-10-10T13:30:00Z,216.910875070697,2018-10-10T13:30:00Z,16.104104379758162,23.995115525839662,0,0
0136053,2018-10-10T23:30:00Z,106.308960608816,2018-10-10T22:15:00Z,26.099341760972017,38.8880192238483,450,450
0136017,2018-10-10T22:00:00Z,90.9272184575061,2018-10-10T21:30:00Z,29.324415766859456,43.693379492620586,495,495
0136317,2018-10-10T22:15:00Z,75.9868325559835,2018-10-10T21:45:00Z,31.40755377956581,46.79725513155306,525,525
0135184,2018-10-10T23:15:00Z,305.823326578608,2018-10-10T23:00:00Z,11.178857544671947,16.6564977415612,0,0
0135111,2018-10-11T00:00:00Z,314.163106724153,2018-10-10T23:00:00Z,10.726494342581415,15.982476570446307,0,0
0135957,2018-10-11T04:15:00Z,311.149708469357,2018-10-11T01:15:00Z,9.496730676043622,14.150128707304997,0,0
0136052,2018-10-10T22:45:00Z,161.714960687099,2018-10-10T22:00:00Z,20.929208534774062,31.184520716813353,180,180
0136032,2018-10-10T21:15:00Z,189.691890544086,2018-10-10T21:30:00Z,18.727129626975753,27.903423144193873,0,0
0136203,2018-10-11T03:15:00Z,242.511396786016,2018-10-10T23:30:00Z,12.794665398576118,19.064051443878416,0,0
0136855,2018-10-11T03:00:00Z,165.761166057616,2018-10-10T23:15:00Z,17.40356467169591,25.931311360826907,0,0
0136863,2018-10-11T02:30:00Z,152.799862039376,2018-10-10T23:15:00Z,18.568184765220842,27.666595300179054,0,0
0135959,2018-10-11T05:15:00Z,273.167392443559,2018-10-11T02:00:00Z,10.313581021471547,15.367235721992605,0,0
0136790,2018-10-10T22:45:00Z,261.959777511934,2018-10-10T22:30:00Z,13.542746110723929,20.178691704978654,0,0
0136558,2018-10-10T18:45:00Z,317.536184076835,2018-10-10T21:15:00Z,9.918147796399312,14.778040216634976,0,0
0136784,2018-10-10T19:45:00Z,288.236099547427,2018-10-10T21:30:00Z,11.785098776774982,17.559797177394724,0,0
0136446,2018-10-10T19:30:00Z,274.284041809366,2018-10-10T21:15:00Z,12.468007103303941,18.577330583922873,0,0
0136751,2018-10-10T19:45:00Z,260.158966034124,2018-10-10T21:15:00Z,13.364687121057388,19.913383810375507,0,0
0136256,2018-10-11T02:15:00Z,195.57539705116,2018-10-10T23:15:00Z,16.312797855844583,24.30606880520843,0,0
0136330,2018-10-10T20:30:00Z,93.129642427434,2018-10-10T20:30:00Z,29.942127445029385,44.61376989309378,480,480
0136034,2018-10-10T21:00:00Z,130.983861651928,2018-10-10T21:00:00Z,24.61121947961623,36.67071702462818,360,360
0135089,2018-10-11T01:15:00Z,216.174425537953,2018-10-10T23:00:00Z,15.740674965856384,23.453605699126012,0,0
0135183,2018-10-11T01:00:00Z,241.229008157583,2018-10-10T23:00:00Z,14.345999674291013,21.37553951469361,0,0
0136080,2018-10-11T00:00:00Z,214.722602841607,2018-10-10T22:30:00Z,16.337106257379162,24.34228832349495,0,0
0136455,2018-10-10T19:00:00Z,119.926075751414,2018-10-10T19:30:00Z,25.926959612620763,38.631169822804935,435,435
0136476,2018-10-10T19:45:00Z,153.817281748879,2018-10-10T20:15:00Z,22.004791785822988,32.78713976087625,255,255
0136046,2018-10-10T21:45:00Z,172.135656568238,2018-10-10T21:30:00Z,20.234710840320705,30.14971915207785,90,90
0135622,2018-10-11T03:30:00Z,372.094107245596,2018-10-11T00:45:00Z,7.779937001231823,11.592106131835417,0,0
0135033,2018-10-11T02:15:00Z,354.162477097082,2018-10-10T23:45:00Z,8.710953823863433,12.979321197556514,0,0
0135619,2018-10-11T03:15:00Z,392.967047290727,2018-10-11T00:45:00Z,7.244320812361061,10.794038010417982,0,0
0135771,2018-10-11T05:15:00Z,322.098193823042,2018-10-11T02:00:00Z,8.650227521266295,12.88883900668678,0,0
0135975,2018-10-11T05:00:00Z,319.683716025515,2018-10-11T01:45:00Z,8.865772140583708,13.210000489469724,0,0
0135594,2018-10-11T00:45:00Z,407.668482245386,2018-10-10T23:45:00Z,7.212774924863146,10.747034638046086,0,0
0135585,2018-10-11T02:15:00Z,443.224314851789,2018-10-11T00:30:00Z,6.0939847848213295,9.080037329383781,0,0
0136375,2018-10-10T20:15:00Z,53.7480031335283,2018-10-10T20:15:00Z,38.58905975511415,57.497699035120085,585,585
0135469,2018-10-10T22:00:00Z,343.688981333334,2018-10-10T22:45:00Z,9.538576101798977,14.212478391680476,0,0
0135441,2018-10-10T21:45:00Z,333.850522475643,2018-10-10T22:45:00Z,9.940481042031669,14.811316752627187,0,0
0136738,2018-10-10T21:00:00Z,299.019181741142,2018-10-10T22:15:00Z,11.488158753870316,17.11735654326677,0,0
0136373,2018-10-10T22:30:00Z,46.0750749260995,2018-10-10T22:00:00Z,37.41976548901133,55.755450578626885,570,570
0135752,2018-10-11T05:45:00Z,333.534933202845,2018-10-11T02:30:00Z,8.069072430357494,12.022917921232667,0,0
0135746,2018-10-11T05:45:00Z,342.921344242354,2018-10-11T02:30:00Z,7.763354227255121,11.56739779861013,0,0
0135774,2018-10-11T05:30:00Z,354.296424239853,2018-10-11T02:15:00Z,7.639980397939327,11.383570792929598,0,0
0135958,2018-10-11T06:30:00Z,325.718938176647,2018-10-11T03:00:00Z,7.9309059273659015,11.817049831775194,0,0
0135023,2018-10-11T00:45:00Z,326.512202352377,2018-10-10T23:15:00Z,10.10408245168155,15.05508285300551,0,0
0135205,2018-10-11T01:30:00Z,307.49914872806,2018-10-10T23:15:00Z,10.780094263368426,16.062340452418955,0,0
0135211,2018-10-11T01:15:00Z,309.092532951603,2018-10-10T23:15:00Z,10.776632374621856,16.057182238186567,0,0
0135222,2018-10-11T01:30:00Z,306.718026290946,2018-10-10T23:15:00Z,10.769166636923,16.04605828901527,0,0
0135218,2018-10-11T01:15:00Z,314.661477065716,2018-10-10T23:15:00Z,10.501217893506018,15.646814661323967,0,0
0135116,2018-10-11T02:15:00Z,320.57054116793,2018-10-10T23:30:00Z,10.005230420625029,14.907793326731293,0,0
0135036,2018-10-11T01:45:00Z,325.813409854412,2018-10-10T23:30:00Z,9.947816666136095,14.822246832542781,0,0
0135062,2018-10-11T01:45:00Z,338.963875936958,2018-10-10T23:30:00Z,9.41582231684547,14.029575252099749,0,0
0135544,2018-10-11T00:30:00Z,427.498569891531,2018-10-10T23:45:00Z,6.67431848493831,9.944734542558082,0,0
0135586,2018-10-10T23:45:00Z,430.954122004611,2018-10-10T23:45:00Z,6.599368034486892,9.83305837138547,0,0
0135677,2018-10-11T03:15:00Z,495.354493756756,2018-10-11T01:15:00Z,4.834778262720845,7.203819611454059,0,0
0135614,2018-10-11T04:30:00Z,421.619193015541,2018-10-11T01:45:00Z,6.213957029463084,9.258795973899995,0,0
0135650,2018-10-11T03:15:00Z,408.667997294588,2018-10-11T00:45:00Z,6.8320566198759245,10.179764363615128,0,0
0135651,2018-10-11T03:00:00Z,423.169788611047,2018-10-11T00:45:00Z,6.499030507608555,9.683555456336746,0,0
0136877,2018-10-11T02:00:00Z,117.895481503249,2018-10-10T23:00:00Z,21.904656529342635,32.63793822872053,330,330
0136849,2018-10-11T01:30:00Z,149.428017989312,2018-10-10T22:45:00Z,20.31641572854178,30.27145943552725,105,105
0136865,2018-10-11T01:15:00Z,156.893012599072,2018-10-10T22:45:00Z,19.94048583782413,29.711323898357954,0,0
0135613,2018-10-11T04:30:00Z,404.09012229599,2018-10-11T01:45:00Z,6.5887587446821625,9.817250529576421,0,0
0135611,2018-10-11T04:15:00Z,414.898745410391,2018-10-11T01:30:00Z,6.430043609183728,9.580764977683755,0,0
0135647,2018-10-11T04:30:00Z,431.328377651381,2018-10-11T01:45:00Z,5.949041207199297,8.864071398726953,0,0
0135615,2018-10-11T04:15:00Z,392.640057593847,2018-10-11T01:30:00Z,6.979685366833288,10.3997311965816,0,0
0135801,2018-10-11T04:45:00Z,374.835826760999,2018-10-11T01:45:00Z,7.2778374476021765,10.843977796927243,0,0
0135808,2018-10-11T04:30:00Z,374.988113013726,2018-10-11T01:30:00Z,7.384715616640654,11.003226268794574,0,0
0136783,2018-10-10T20:45:00Z,287.544109014596,2018-10-10T22:00:00Z,12.028230113155459,17.922062868601635,0,0
0136748,2018-10-10T20:30:00Z,304.16348526299,2018-10-10T22:00:00Z,11.152303443910185,16.616932131426175,0,0
0136521,2018-10-10T17:15:00Z,278.364855165478,2018-10-10T13:30:00Z,12.017632814223555,17.906272893193098,0,0
0136444,2018-10-10T19:30:00Z,245.376322020682,2018-10-10T21:00:00Z,14.21749067526652,21.184061106147116,0,0
0136117,2018-10-10T23:00:00Z,182.185615954406,2018-10-10T22:15:00Z,19.02281250730145,28.34399063587916,0,0
0136110,2018-10-10T23:00:00Z,195.193054216413,2018-10-10T22:15:00Z,17.988663547697236,26.80310868606888,0,0
0136756,2018-10-10T22:00:00Z,288.405564069491,2018-10-10T22:30:00Z,12.103697263548927,18.034508922687902,0,0
0135461,2018-10-10T22:15:00Z,405.845020772852,2018-10-10T23:15:00Z,7.341256747444218,10.938472553691884,0,0
0135004,2018-10-11T02:15:00Z,292.062329098633,2018-10-10T23:30:00Z,11.159219254879194,16.627236689769997,0,0
0135052,2018-10-11T02:30:00Z,284.924310184162,2018-10-10T23:30:00Z,11.422383656647,17.01935164840403,0,0
0135186,2018-10-11T01:15:00Z,269.717744012048,2018-10-10T23:15:00Z,12.622884693565192,18.808098193412135,0,0
0135470,2018-10-10T20:45:00Z,345.550108999784,2018-10-10T22:30:00Z,9.349236443873785,13.93036230137194,0,0
0135453,2018-10-10T23:00:00Z,327.49462262338,2018-10-10T23:00:00Z,10.217381097962038,15.223897835963436,0,0
0135405,2018-10-10T22:45:00Z,335.778469644758,2018-10-10T23:00:00Z,9.875612442312438,14.714662539045532,0,0
0135503,2018-10-11T01:45:00Z,373.610305908249,2018-10-10T23:45:00Z,8.159792337798917,12.158090583320387,0,0
0135578,2018-10-11T01:45:00Z,388.918504274788,2018-10-10T23:45:00Z,7.6956452199113095,11.466511377667851,0,0
0136585,2018-10-10T18:30:00Z,286.850126200526,2018-10-10T20:45:00Z,11.250979163136336,16.76395895307314,0,0
0136539,2018-10-10T18:15:00Z,311.93746895858,2018-10-10T21:00:00Z,9.855367489729245,14.684497559696576,0,0
0136723,2018-10-10T20:30:00Z,251.841072749522,2018-10-10T21:45:00Z,14.092724758606167,20.998159890323187,0,0
0135572,2018-10-11T02:30:00Z,391.37394054385,2018-10-11T00:15:00Z,7.446714229743543,11.09560420231788,0,0
0136066,2018-10-10T22:45:00Z,209.700364907731,2018-10-10T22:15:00Z,16.951397731612786,25.25758262010305,0,0
0136551,2018-10-10T14:00:00Z,224.443387163236,2018-10-10T13:45:00Z,15.526113437174333,23.133909021389755,0,0
0136535,2018-10-10T13:15:00Z,203.520255027028,2018-10-10T13:30:00Z,17.155821175260005,25.56217355113741,0,0
0136542,2018-10-10T13:00:00Z,197.573123595382,2018-10-10T13:15:00Z,17.64676501285761,26.293679869157838,0,0
0136374,2018-10-10T21:45:00Z,79.5585035732221,2018-10-10T21:30:00Z,31.258643614325216,46.57537898534457,525,525
0135115,2018-10-11T00:00:00Z,288.322841819954,2018-10-10T23:00:00Z,11.974032665059354,17.84130867093844,0,0
0135180,2018-10-11T02:15:00Z,332.105435482912,2018-10-10T23:30:00Z,9.508409462828759,14.16753009961485,0,0
0135976,2018-10-11T04:15:00Z,332.021969002351,2018-10-11T01:30:00Z,8.732300987988243,13.011128472102481,0,0
0136042,2018-10-10T21:00:00Z,172.580451356509,2018-10-10T21:15:00Z,20.25026363395469,30.17289281459249,90,90
0136277,2018-10-11T03:45:00Z,253.947728687449,2018-10-11T00:45:00Z,11.956937145085881,17.815836346177964,0,0
0136862,2018-10-11T02:15:00Z,166.996591935181,2018-10-10T23:15:00Z,18.02798764810731,26.86170159567989,0,0
0136850,2018-10-11T01:30:00Z,174.513054582905,2018-10-10T23:00:00Z,18.264978170716837,27.214817474368086,0,0
0136801,2018-10-11T01:45:00Z,148.982438190865,2018-10-10T23:00:00Z,19.863165805453534,29.596117050125766,0,0
0130165,2018-10-11T05:30:00Z,260.759023615847,2018-10-11T02:15:00Z,10.660146833757704,15.883618782298978,0,0
0135903,2018-10-11T04:15:00Z,275.823395772722,2018-10-11T01:15:00Z,10.726916653713198,15.983105814032665,0,0
0135085,2018-10-10T23:45:00Z,267.040576578218,2018-10-10T22:45:00Z,13.117434419214932,19.54497728463025,0,0
0136482,2018-10-10T19:15:00Z,260.066224999686,2018-10-10T21:00:00Z,13.19240772383416,19.6566875085129,0,0
0135150,2018-10-11T01:30:00Z,244.852181594845,2018-10-10T23:15:00Z,13.820761210123864,20.592934203084557,0,0
0136318,2018-10-10T20:00:00Z,93.7695222690712,2018-10-10T20:00:00Z,29.934530030495896,44.60244974543888,480,480
0135674,2018-10-11T03:00:00Z,457.546395988691,2018-10-11T00:45:00Z,5.6681053455310675,8.44547696484129,0,0
0135646,2018-10-11T03:15:00Z,440.079842713576,2018-10-11T01:00:00Z,6.00433317260464,8.946456427180914,0,0
0136421,2018-10-10T19:45:00Z,148.199687810669,2018-10-10T20:15:00Z,22.609021542495793,33.68744209831873,285,285
0136426,2018-10-10T18:45:00Z,188.481296363765,2018-10-10T19:45:00Z,18.190898047392487,27.104438090614806,0,0
0136420,2018-10-10T19:15:00Z,147.0070241391,2018-10-10T19:45:00Z,22.612425135941113,33.692513452552255,285,285
0136035,2018-10-10T21:30:00Z,142.644965282447,2018-10-10T21:15:00Z,23.202758346740715,34.57210993664366,315,315
0136041,2018-10-10T21:30:00Z,164.998007344952,2018-10-10T21:30:00Z,20.934608345388618,31.19256643462904,180,180
0135179,2018-10-11T03:15:00Z,371.916506682695,2018-10-11T00:45:00Z,7.866007713656845,11.7203514933487,0,0
0135087,2018-10-11T04:00:00Z,347.035265697248,2018-10-11T01:00:00Z,8.430844428151874,12.561958197946291,0,0
0135541,2018-10-11T02:30:00Z,374.559312187736,2018-10-10T23:45:00Z,7.999699133108051,11.919551708330996,0,0
0136352,2018-10-10T20:30:00Z,70.1042466644916,2018-10-10T20:45:00Z,34.02549777756993,50.6979916885792,540,540
0135954,2018-10-11T04:15:00Z,294.30162318346,2018-10-11T01:15:00Z,10.119102678795416,15.07746299140517,0,0
0135555,2018-10-10T23:45:00Z,393.228033846359,2018-10-10T23:30:00Z,7.72445329607484,11.509435411151511,0,0
0135549,2018-10-11T01:00:00Z,384.862599513697,2018-10-10T23:30:00Z,7.907741026382405,11.782534129309784,0,0
0136344,2018-10-10T20:00:00Z,69.1296050817323,2018-10-10T20:00:00Z,34.5734177078615,51.51439238471364,555,555
0136740,2018-10-10T21:15:00Z,328.283742958673,2018-10-10T22:30:00Z,10.132960093854651,15.09811053984343,0,0
0136742,2018-10-10T21:00:00Z,310.732968106217,2018-10-10T22:15:00Z,10.907548149863988,16.25224674329734,0,0
0136320,2018-10-10T20:30:00Z,33.8181818438777,2018-10-10T20:30:00Z,46.22718239624987,68.87850177041231,615,615
0135772,2018-10-11T06:15:00Z,340.019112566817,2018-10-11T02:45:00Z,7.722196861197549,11.506073323184348,0,0
0135209,2018-10-11T01:15:00Z,305.753131539456,2018-10-10T23:15:00Z,10.884209435792494,16.217472059330817,0,0
0135210,2018-10-11T01:45:00Z,300.495449491369,2018-10-10T23:30:00Z,10.961747082673167,16.333003153183018,0,0
0135214,2018-10-11T01:30:00Z,319.203073887693,2018-10-10T23:30:00Z,10.254569691890966,15.279308840917539,0,0
0135224,2018-10-11T01:15:00Z,319.155864552439,2018-10-10T23:15:00Z,10.32366903881841,15.382266867839432,0,0
0135208,2018-10-11T01:15:00Z,312.844797747204,2018-10-10T23:15:00Z,10.580919545851957,15.765570123319415,0,0
0135444,2018-10-10T23:45:00Z,333.041301821219,2018-10-10T23:15:00Z,9.936115483325437,14.804812070154902,0,0
0135229,2018-10-11T01:30:00Z,304.125397794624,2018-10-10T23:15:00Z,10.944889757686294,16.307885738952578,0,0
0135080,2018-10-11T00:30:00Z,299.156014770011,2018-10-10T23:00:00Z,11.373579508938315,16.94663346831809,0,0
0135648,2018-10-11T04:15:00Z,449.519116462062,2018-10-11T01:30:00Z,5.6269045063422025,8.384087714449882,0,0
0136870,2018-10-11T01:45:00Z,114.277670166632,2018-10-10T23:00:00Z,22.590148720582032,33.65932159366723,375,375
0136866,2018-10-11T00:45:00Z,162.790819943313,2018-10-10T22:45:00Z,19.817714794471065,29.528395043761886,0,0
0136043,2018-10-10T22:00:00Z,190.609709562844,2018-10-10T22:00:00Z,18.572304579262955,27.6727338231018,0,0
0135810,2018-10-11T05:00:00Z,383.423716970372,2018-10-11T02:00:00Z,7.01691140301262,10.455197990488804,0,0
0135802,2018-10-11T04:45:00Z,370.691656225826,2018-10-11T01:45:00Z,7.429873329589845,11.07051126108887,0,0
0135750,2018-10-11T05:15:00Z,393.221398099142,2018-10-11T02:15:00Z,6.661639717676563,9.925843179338079,0,0
0135896,2018-10-11T04:45:00Z,383.421579589862,2018-10-11T01:45:00Z,7.069971563627608,10.534257629805136,0,0
0136754,2018-10-10T20:15:00Z,290.80741387131,2018-10-10T21:45:00Z,11.794165230207827,17.573306193009664,0,0
0136728,2018-10-10T20:30:00Z,273.25495298086,2018-10-10T21:45:00Z,12.80794989915993,19.083845349748294,0,0
0136736,2018-10-10T20:00:00Z,292.287610336351,2018-10-10T21:45:00Z,11.652886949221886,17.36280155434061,0,0
0136786,2018-10-10T21:15:00Z,289.237761940502,2018-10-10T22:15:00Z,12.013275098927323,17.89977989740171,0,0
0136505,2018-10-10T17:30:00Z,262.953096639291,2018-10-10T13:45:00Z,12.751462221852783,18.999678710560648,0,0
0136603,2018-10-10T13:30:00Z,248.784571495395,2018-10-10T13:30:00Z,13.88137113803996,20.68324299567954,0,0
0136609,2018-10-10T13:15:00Z,255.142699468684,2018-10-10T13:15:00Z,13.488383432871332,20.097691314978285,0,0
0136513,2018-10-10T18:00:00Z,271.379899164536,2018-10-10T17:00:00Z,11.83789081567289,17.638457315352607,0,0
0136616,2018-10-10T13:30:00Z,254.021206157762,2018-10-10T13:30:00Z,13.544780322706977,20.181722680833396,0,0
0136470,2018-10-10T19:15:00Z,247.851399205273,2018-10-10T20:45:00Z,13.904292451446796,20.717395752655726,0,0
0136106,2018-10-10T22:45:00Z,188.682984399511,2018-10-10T22:15:00Z,18.579060500084108,27.68280014512532,0,0
0135670,2018-10-11T04:00:00Z,367.413153195358,2018-10-11T01:15:00Z,7.754308126531801,11.553919108532384,0,0
0136869,2018-10-11T01:45:00Z,106.930184592143,2018-10-10T23:00:00Z,23.357034681827365,34.801981675922775,405,405
0135125,2018-10-11T02:45:00Z,278.952850741805,2018-10-10T23:30:00Z,11.547858933016613,17.206309810194753,0,0
0135078,2018-10-11T01:45:00Z,269.005136929531,2018-10-10T23:15:00Z,12.53632069592634,18.679117836930246,0,0
0135124,2018-10-11T01:00:00Z,291.844766241516,2018-10-10T23:15:00Z,11.619748152576813,17.31342474733945,0,0
0135176,2018-10-11T02:00:00Z,284.161634858005,2018-10-10T23:15:00Z,11.651420738511199,17.360616900381686,0,0
0136925,2018-10-10T20:30:00Z,344.940780301422,2018-10-10T22:30:00Z,9.317445803282201,13.88299424689048,0,0
0135014,2018-10-11T02:00:00Z,258.829993214314,2018-10-10T23:15:00Z,12.858290885388183,19.158853419228393,0,0
0135473,2018-10-10T23:00:00Z,349.173518766764,2018-10-10T23:00:00Z,9.321006674817738,13.88829994547843,0,0
0135404,2018-10-10T23:00:00Z,338.286706788079,2018-10-10T23:00:00Z,9.761393469852942,14.544476270080883,0,0
0135406,2018-10-10T23:30:00Z,345.107948728417,2018-10-10T23:15:00Z,9.467459732833975,14.106515001922622,0,0
0135579,2018-10-11T00:45:00Z,357.313577454019,2018-10-10T23:30:00Z,8.89282924794248,13.250315579434295,0,0
0135587,2018-10-11T01:00:00Z,375.600094376285,2018-10-10T23:30:00Z,8.207084596219874,12.228556048367611,0,0
0136569,2018-10-10T18:45:00Z,294.713299872655,2018-10-10T21:00:00Z,11.015562637706893,16.41318833018327,0,0
0136553,2018-10-10T18:15:00Z,280.082873605452,2018-10-10T20:30:00Z,11.424043574857983,17.021824926538393,0,0
0136720,2018-10-10T20:45:00Z,261.85309233994,2018-10-10T21:45:00Z,13.49746431156372,20.111221824229943,0,0
0136766,2018-10-10T20:30:00Z,229.389387360642,2018-10-10T21:30:00Z,15.59127869536488,23.23100525609367,0,0
0135577,2018-10-11T01:45:00Z,408.145311955574,2018-10-10T23:45:00Z,7.106165685938845,10.58818687204888,0,0
0136003,2018-10-10T22:15:00Z,230.441636231729,2018-10-10T22:15:00Z,15.569601003592934,23.198705495353472,0,0
0136006,2018-10-10T22:45:00Z,242.908805151198,2018-10-10T22:30:00Z,14.69594294853614,21.89695499331885,0,0
0136561,2018-10-10T13:15:00Z,185.01326985944,2018-10-10T13:30:00Z,18.705344086197773,27.87096268843468,0,0
0136555,2018-10-10T13:15:00Z,207.871484000792,2018-10-10T13:30:00Z,16.81127560224279,25.048800647341757,0,0
0136311,2018-10-10T21:30:00Z,95.6614945271985,2018-10-10T21:15:00Z,29.00311716682519,43.21464457856953,465,465
0135034,2018-10-10T22:30:00Z,301.806854024427,2018-10-10T22:45:00Z,11.418571218212888,17.013671115137203,0,0
0136792,2018-10-10T23:15:00Z,275.455117783805,2018-10-10T22:45:00Z,12.731564326410734,18.970030846351992,0,0
0135456,2018-10-10T22:45:00Z,323.107207829694,2018-10-10T23:00:00Z,10.419956177573875,15.525734704585073,0,0
0136750,2018-10-10T23:00:00Z,262.194951917621,2018-10-10T22:30:00Z,13.50484659645075,20.12222142871162,0,0
0135121,2018-10-11T03:15:00Z,312.385565934237,2018-10-10T23:45:00Z,9.894613734408187,14.7429744642682,0,0
0135049,2018-10-11T03:00:00Z,323.869409757512,2018-10-10T23:45:00Z,9.550255601986075,14.229880846959253,0,0
0135079,2018-10-11T02:45:00Z,334.093983377678,2018-10-10T23:45:00Z,9.286950590474367,13.837556379806808,0,0
0136089,2018-10-10T23:15:00Z,133.697344561336,2018-10-10T22:15:00Z,23.32083148864252,34.748038918077356,345,345
0136030,2018-10-10T20:30:00Z,205.904436823845,2018-10-10T21:15:00Z,17.363688713022285,25.871896182403205,0,0
0136207,2018-10-11T03:45:00Z,240.83188964879,2018-10-11T00:45:00Z,12.548355240193498,18.69704930788831,0,0
0136206,2018-10-11T03:45:00Z,251.816238480478,2018-10-11T00:45:00Z,12.084473574592204,18.005865626142384,0,0
0136271,2018-10-11T03:30:00Z,269.64015572745,2018-10-11T00:30:00Z,11.446015194022577,17.05456263909364,0,0
0135984,2018-10-11T06:00:00Z,291.469508783707,2018-10-11T02:30:00Z,9.299600063852305,13.856404095139935,0,0
0135040,2018-10-11T00:15:00Z,275.073769525691,2018-10-10T23:00:00Z,12.603284703345283,18.77889420798447,0,0
0136915,2018-10-10T19:30:00Z,336.612213612172,2018-10-10T22:00:00Z,9.373698346210597,13.96681053585379,0,0
0136545,2018-10-10T18:45:00Z,273.652102141009,2018-10-10T20:45:00Z,12.162418476982776,18.122003530704337,0,0
0136258,2018-10-11T03:15:00Z,226.583348367101,2018-10-10T23:30:00Z,13.62081508191966,20.295014472060295,0,0
0136251,2018-10-11T02:30:00Z,220.495579322413,2018-10-10T23:15:00Z,14.676746050798078,21.868351615689136,0,0
0136267,2018-10-11T02:15:00Z,224.216702909376,2018-10-10T23:15:00Z,14.638809583041644,21.81182627873205,0,0
0135082,2018-10-11T01:45:00Z,237.027325482135,2018-10-10T23:15:00Z,14.205725562047707,21.166531087451084,0,0
0136264,2018-10-11T04:00:00Z,222.311082885106,2018-10-11T01:00:00Z,13.340109482333524,19.876763128676952,0,0
0136269,2018-10-11T04:30:00Z,221.690349046993,2018-10-11T01:30:00Z,12.896630357789073,19.21597923310572,0,0
0136467,2018-10-10T19:45:00Z,124.806319063364,2018-10-10T20:15:00Z,25.425916339262773,37.88461534550153,375,375
0136351,2018-10-10T20:30:00Z,103.724225590962,2018-10-10T20:45:00Z,28.266625362977585,42.117271790836604,450,450
0136360,2018-10-10T21:15:00Z,82.3225169172992,2018-10-10T21:00:00Z,31.256075531235485,46.571552541540875,510,510
0135653,2018-10-11T02:30:00Z,454.454629529144,2018-10-11T00:30:00Z,5.8056399673956625,8.650403551419537,0,0
0136432,2018-10-10T19:00:00Z,191.399347045267,2018-10-10T20:00:00Z,18.129674824059858,27.013215487849187,0,0
0136401,2018-10-10T19:30:00Z,193.157636814732,2018-10-10T20:30:00Z,18.177120542005593,27.083909607588332,0,0
0136475,2018-10-10T19:00:00Z,212.495485381599,2018-10-10T20:15:00Z,16.39339474806573,24.42615817461794,0,0
0136471,2018-10-10T19:45:00Z,225.645086776065,2018-10-10T20:45:00Z,15.623714228104287,23.279334199875386,0,0
0135010,2018-10-11T01:30:00Z,204.024709346197,2018-10-10T23:00:00Z,16.39080146963431,24.422294189755124,0,0
0136036,2018-10-10T21:45:00Z,156.2499921321,2018-10-10T21:45:00Z,21.693146907949973,32.32278889284546,225,225
0135058,2018-10-11T03:30:00Z,352.831539611375,2018-10-11T00:45:00Z,8.38550515648434,12.494402683161667,0,0
0135055,2018-10-11T03:15:00Z,349.01771772704,2018-10-11T00:30:00Z,8.581126792364325,12.785878920622844,0,0
0136759,2018-10-10T21:30:00Z,272.119625382425,2018-10-10T22:15:00Z,12.969685157129097,19.324830884122356,0,0
0135963,2018-10-11T05:00:00Z,304.509594912845,2018-10-11T02:00:00Z,9.348016146976658,13.92854405899522,0,0
0135968,2018-10-11T05:30:00Z,302.26354305569,2018-10-11T02:15:00Z,9.155824550888333,13.642178580823616,0,0
0135951,2018-10-11T04:30:00Z,319.393797943222,2018-10-11T01:30:00Z,9.040655101157531,13.470576100724722,0,0
0135546,2018-10-11T00:15:00Z,369.475144552861,2018-10-10T23:30:00Z,8.503724574036601,12.670549615314536,0,0
0135564,2018-10-11T01:45:00Z,435.169838582872,2018-10-11T00:00:00Z,6.358861282945828,9.474703311589284,0,0
0135463,2018-10-10T22:15:00Z,343.581793488713,2018-10-10T23:00:00Z,9.552029286724382,14.232523637219328,0,0
0136319,2018-10-10T21:45:00Z,36.4274188267605,2018-10-10T21:30:00Z,42.540187261318984,63.384879019365286,585,585
0135745,2018-10-11T05:45:00Z,365.109360925828,2018-10-11T02:30:00Z,7.191325328701435,10.715074739765138,0,0
0135764,2018-10-11T05:15:00Z,357.053426113945,2018-10-11T02:00:00Z,7.63953656455997,11.382909481194355,0,0
0135022,2018-10-11T00:30:00Z,307.309018859213,2018-10-10T23:15:00Z,10.977500370700177,16.356475552343262,0,0
0135064,2018-10-11T01:15:00Z,314.439483469511,2018-10-10T23:15:00Z,10.546185743776904,15.713816758227587,0,0
0135223,2018-10-11T01:30:00Z,301.778655226531,2018-10-10T23:15:00Z,11.002397460172817,16.393572215657496,0,0
0135204,2018-10-11T01:30:00Z,311.672058910595,2018-10-10T23:15:00Z,10.591932730142842,15.781979767912835,0,0
0135213,2018-10-11T01:30:00Z,303.522482040887,2018-10-10T23:15:00Z,10.910334879828834,16.256398970944964,0,0
0135071,2018-10-11T02:00:00Z,324.400922142032,2018-10-10T23:30:00Z,9.91798736637931,14.777801175905172,0,0
0135234,2018-10-11T01:30:00Z,310.239136181685,2018-10-10T23:15:00Z,10.618972722085815,15.822269355907864,0,0
0135119,2018-10-11T02:00:00Z,315.076193651738,2018-10-10T23:30:00Z,10.312434754332566,15.365527783955523,0,0
0135006,2018-10-11T00:30:00Z,331.562930493191,2018-10-10T23:15:00Z,9.944410133384613,14.817171098743074,0,0
0135139,2018-10-11T01:45:00Z,334.112383425511,2018-10-10T23:30:00Z,9.592971360404203,14.293527327002263,0,0
0135592,2018-10-10T23:30:00Z,418.153497340351,2018-10-10T23:30:00Z,6.970222004804341,10.385630787158467,0,0
0135570,2018-10-11T01:15:00Z,439.806585864043,2018-10-10T23:45:00Z,6.294624549899573,9.378990579350363,0,0
0135749,2018-10-11T04:45:00Z,395.333766545735,2018-10-11T01:45:00Z,6.75771526140378,10.068995739491632,0,0
0135741,2018-10-11T05:00:00Z,369.043554031228,2018-10-11T02:00:00Z,7.399390500546629,11.025091845814478,0,0
0135803,2018-10-11T04:30:00Z,360.632901406065,2018-10-11T01:30:00Z,7.775317763020779,11.585223466900961,0,0
0135548,2018-10-11T01:15:00Z,415.412434728305,2018-10-10T23:45:00Z,6.941460045865684,10.34277546833987,0,0
0136613,2018-10-10T13:30:00Z,267.57444816726,2018-10-10T13:15:00Z,12.711820959438882,18.940613229563933,0,0
0136525,2018-10-10T17:15:00Z,260.761901636978,2018-10-10T13:45:00Z,13.002446014207077,19.373644561168543,0,0
0136509,2018-10-10T12:30:00Z,244.485774211552,2018-10-10T12:45:00Z,14.193149756476792,21.14779313715042,0,0
0136571,2018-10-10T13:45:00Z,263.930889238511,2018-10-10T13:30:00Z,12.917801346064453,19.247524005636034,0,0
0136587,2018-10-10T13:15:00Z,282.226298196608,2018-10-10T13:15:00Z,11.880976641244654,17.702655195454536,0,0
0136512,2018-10-10T17:45:00Z,265.165182501028,2018-10-10T13:45:00Z,12.489571777502077,18.609461948478096,0,0
0136688,2018-10-10T13:15:00Z,259.078233350902,2018-10-10T13:15:00Z,13.240427468061664,19.72823692741188,0,0
0136753,2018-10-10T20:15:00Z,221.916250842783,2018-10-10T21:15:00Z,16.067837892302695,23.941078459531013,0,0
0136439,2018-10-10T19:00:00Z,224.596175046111,2018-10-10T20:30:00Z,15.472533792624148,23.05407535100998,0,0
0136107,2018-10-10T22:45:00Z,192.427012585495,2018-10-10T22:15:00Z,18.269133649234536,27.22100913735946,0,0
0135601,2018-10-11T04:00:00Z,398.775449416134,2018-10-11T01:15:00Z,6.905695450428967,10.28948622113916,0,0
0136263,2018-10-11T03:45:00Z,200.381713321227,2018-10-11T01:00:00Z,14.406758830684947,21.46607065772057,0,0
0135120,2018-10-11T02:30:00Z,291.133889847308,2018-10-10T23:30:00Z,11.067536882598006,16.49062995507103,0,0
0136581,2018-10-10T18:30:00Z,276.186936697246,2018-10-10T20:45:00Z,11.84922114983929,17.65533951326054,0,0
0136538,2018-10-10T19:00:00Z,304.243394838029,2018-10-10T21:15:00Z,10.648826592774501,15.866751623234007,0,0
0136584,2018-10-10T17:45:00Z,305.815233472264,2018-10-10T13:30:00Z,10.346048944788977,15.415612927735577,0,0
0135553,2018-10-11T02:15:00Z,392.251643538706,2018-10-10T23:45:00Z,7.4996153759755115,11.174426910203513,0,0
0135575,2018-10-11T01:30:00Z,401.095832125513,2018-10-10T23:45:00Z,7.327977171373255,10.91868598534615,0,0
0136758,2018-10-10T22:30:00Z,256.649091704466,2018-10-10T22:30:00Z,13.87394328323279,20.67217549201686,0,0
0136091,2018-10-10T23:30:00Z,234.774624010539,2018-10-10T22:30:00Z,15.090580257960658,22.484964584361382,0,0
0136567,2018-10-10T16:45:00Z,207.973615543959,2018-10-10T14:15:00Z,16.624191106120893,24.77004474812013,0,0
0136549,2018-10-10T14:15:00Z,186.186478515942,2018-10-10T14:00:00Z,18.568924948958564,27.66769817394826,0,0
0136580,2018-10-10T13:30:00Z,208.909139522692,2018-10-10T13:30:00Z,16.71606416186554,24.906935601179654,0,0
0136564,2018-10-10T13:15:00Z,224.433330008659,2018-10-10T13:15:00Z,15.566926471629577,23.19472044272807,0,0
0136793,2018-10-10T22:45:00Z,277.28076342501,2018-10-10T22:30:00Z,12.675229471962629,18.886091913224316,0,0
0135133,2018-10-11T02:45:00Z,314.40530271798,2018-10-10T23:45:00Z,10.055906645724406,14.983300902129365,0,0
0136029,2018-10-10T23:00:00Z,152.733424037311,2018-10-10T22:00:00Z,21.68592579382219,32.312029432795065,240,240
0136205,2018-10-11T03:45:00Z,249.240473417138,2018-10-11T00:45:00Z,12.203247178761671,18.18283829635489,0,0
0136879,2018-10-11T01:30:00Z,163.366358955913,2018-10-10T23:00:00Z,19.03865735618557,28.3675994607165,0,0
0135045,2018-10-10T23:15:00Z,250.47040157772,2018-10-10T22:45:00Z,14.143613552369997,21.073984193031297,0,0
0135171,2018-10-10T23:30:00Z,260.523196884646,2018-10-10T22:45:00Z,13.537965549152112,20.171568668236645,0,0
0136916,2018-10-10T20:15:00Z,323.326587251178,2018-10-10T22:00:00Z,10.168066796240236,15.150419526397952,0,0
0136922,2018-10-10T20:15:00Z,335.703810980678,2018-10-10T22:15:00Z,9.654733993899066,14.385553650909609,0,0
0136913,2018-10-10T19:15:00Z,344.444594889644,2018-10-10T22:00:00Z,9.037092368831171,13.465267629558445,0,0
0136727,2018-10-10T19:30:00Z,305.015344686959,2018-10-10T21:45:00Z,10.863691334630262,16.186900088599092,0,0
0136524,2018-10-10T19:15:00Z,301.10210602772,2018-10-10T21:30:00Z,10.973245141797994,16.35013526127901,0,0
0136266,2018-10-11T03:00:00Z,219.592415797597,2018-10-10T23:30:00Z,14.294356704387363,21.29859148953717,0,0
0136255,2018-10-11T02:30:00Z,207.342851284022,2018-10-10T23:15:00Z,15.357570628558731,22.88278023655251,0,0
0136010,2018-10-10T21:30:00Z,109.987612367541,2018-10-10T21:15:00Z,27.032433034695377,40.27832522169611,450,450
0136346,2018-10-10T21:00:00Z,112.504231666584,2018-10-10T21:00:00Z,26.904288106155963,40.08738927817239,420,420
0135654,2018-10-11T02:45:00Z,435.466236661213,2018-10-11T00:45:00Z,6.2124179102475106,9.25650268626879,0,0
0136038,2018-10-10T20:00:00Z,152.292290346134,2018-10-10T20:30:00Z,22.217411475515146,33.10394309851757,270,270
0135053,2018-10-11T02:30:00Z,364.511085611835,2018-10-10T23:45:00Z,8.296892196181174,12.36236937230995,0,0
0135019,2018-10-11T03:45:00Z,350.110059340277,2018-10-11T01:00:00Z,8.366366508609088,12.465886097827541,0,0
0136350,2018-10-10T21:00:00Z,65.0885320324715,2018-10-10T21:00:00Z,34.75070656511009,51.77855278201404,540,540
0136775,2018-10-10T21:15:00Z,239.256756537841,2018-10-10T21:45:00Z,14.989721485506854,22.334685013405213,0,0
0136761,2018-10-10T21:00:00Z,227.486717512772,2018-10-10T21:45:00Z,15.779423124373714,23.511340455316834,0,0
0135978,2018-10-11T06:00:00Z,310.931502187656,2018-10-11T02:30:00Z,8.69076548589479,12.949240573983237,0,0
0135971,2018-10-11T05:15:00Z,312.2999632755,2018-10-11T02:00:00Z,9.003512511117037,13.415233641564386,0,0
0135979,2018-10-11T06:30:00Z,316.801112149793,2018-10-11T03:00:00Z,8.238162332167597,12.27486187492972,0,0
0135972,2018-10-11T03:45:00Z,300.754753049777,2018-10-11T00:45:00Z,10.129931580265858,15.093598054596129,0,0
0135904,2018-10-11T04:15:00Z,288.241505680962,2018-10-11T01:15:00Z,10.31257485507261,15.365736534058188,0,0
0135956,2018-10-11T04:15:00Z,304.458912608815,2018-10-11T01:15:00Z,9.752915933787515,14.531844741343397,0,0
0135582,2018-10-11T02:00:00Z,468.805770020394,2018-10-11T00:30:00Z,5.526574246551526,8.234595627361774,0,0
0135464,2018-10-10T21:15:00Z,363.490774127818,2018-10-10T22:45:00Z,8.708465301548811,12.975613299307728,0,0
0136776,2018-10-10T21:30:00Z,327.513324285037,2018-10-10T22:30:00Z,10.198333999836018,15.195517659755668,0,0
0136343,2018-10-10T20:45:00Z,17.8163911540744,2018-10-10T20:15:00Z,51.531567763436094,76.782035967519775,630,630
0135769,2018-10-11T05:15:00Z,332.644508411329,2018-10-11T02:00:00Z,8.338930446877828,12.425006365847965,0,0
0135020,2018-10-11T00:45:00Z,311.727142550373,2018-10-10T23:15:00Z,10.727550464777428,15.984050192518367,0,0
0135216,2018-10-11T01:15:00Z,300.733209909103,2018-10-10T23:15:00Z,11.134577806912342,16.590520932299388,0,0
0135243,2018-10-11T01:30:00Z,298.950514344748,2018-10-10T23:15:00Z,11.17101350265231,16.64481011895194,0,0
0135173,2018-10-11T02:15:00Z,300.296479205648,2018-10-10T23:30:00Z,10.797126108850152,16.08771790218673,0,0
0135244,2018-10-11T01:00:00Z,299.145132873795,2018-10-10T23:15:00Z,11.27605733457433,16.801325428515753,0,0
0135242,2018-10-11T01:30:00Z,292.720493528974,2018-10-10T23:15:00Z,11.43356030517731,17.03600485471419,0,0
0135094,2018-10-11T02:00:00Z,291.107898123311,2018-10-10T23:30:00Z,11.336198978641152,16.890936478175316,0,0
0135148,2018-10-11T01:45:00Z,342.666697542281,2018-10-10T23:30:00Z,9.267422266184417,13.80845917661478,0,0
0135645,2018-10-11T04:00:00Z,453.888729251756,2018-10-11T01:30:00Z,5.588047632785743,8.326190972850757,0,0
0135643,2018-10-11T03:45:00Z,416.736850857901,2018-10-11T01:15:00Z,6.476871868865044,9.650539084608916,0,0
0135671,2018-10-11T04:15:00Z,398.176099295073,2018-10-11T01:30:00Z,6.862496761825639,10.225120175120201,0,0
0135739,2018-10-11T05:00:00Z,408.55823139226,2018-10-11T02:00:00Z,6.360870034549337,9.477696351478512,0,0
0136088,2018-10-11T00:15:00Z,153.446626566513,2018-10-10T22:30:00Z,20.922914485707626,31.17514258370436,165,165
0136582,2018-10-10T12:45:00Z,245.00599148788,2018-10-10T13:00:00Z,14.152916390049379,21.087845421173576,0,0
0136619,2018-10-10T13:00:00Z,253.014772503721,2018-10-10T13:00:00Z,13.627167329042079,20.304479320272698,0,0
0136541,2018-10-10T12:45:00Z,256.581900913741,2018-10-10T13:00:00Z,13.414596179735986,19.98774830780662,0,0
0136572,2018-10-10T13:45:00Z,262.695791982562,2018-10-10T13:30:00Z,12.984800835427784,19.3473532447874,0,0
0136568,2018-10-10T12:45:00Z,252.744285496408,2018-10-10T13:00:00Z,13.654290209810593,20.344892412617785,0,0
0136445,2018-10-10T19:00:00Z,234.517709149286,2018-10-10T20:30:00Z,14.739514647683032,21.961876825047717,0,0
0136425,2018-10-10T20:00:00Z,227.214420802839,2018-10-10T21:00:00Z,15.620703588214736,23.274848346439956,0,0
0136109,2018-10-10T23:00:00Z,189.847461545426,2018-10-10T22:15:00Z,18.452091638702864,27.49361654166727,0,0
0136108,2018-10-10T22:30:00Z,198.940527035264,2018-10-10T22:00:00Z,17.834871185527458,26.573958066435914,0,0
0136064,2018-10-10T23:00:00Z,172.067074291062,2018-10-10T22:15:00Z,19.902454559972366,29.654657294358824,0,0
0136112,2018-10-10T22:45:00Z,197.425986754744,2018-10-10T22:15:00Z,17.908596030618238,26.683808085621173,0,0
0136859,2018-10-11T01:15:00Z,88.3050472379551,2018-10-10T22:45:00Z,25.691628858410553,38.28052699903172,495,495
0136875,2018-10-11T01:15:00Z,107.655781904035,2018-10-10T22:45:00Z,24.004982526632922,35.767423964683054,420,420
0135054,2018-10-11T02:15:00Z,273.472748023813,2018-10-10T23:30:00Z,11.987928432507612,17.862013364436343,0,0
0135007,2018-10-11T00:30:00Z,287.665591725858,2018-10-10T23:00:00Z,11.912210067383992,17.749193000402148,0,0
0135147,2018-10-11T01:45:00Z,281.628819916406,2018-10-10T23:15:00Z,11.874304461816731,17.692713648106928,0,0
0135477,2018-10-10T21:30:00Z,379.128136458957,2018-10-10T23:00:00Z,8.163764683141393,12.164009377880674,0,0
0136901,2018-10-10T20:30:00Z,342.049091835478,2018-10-10T22:15:00Z,9.438295026201049,14.063059589039563,0,0
0135452,2018-10-10T22:45:00Z,357.310138822753,2018-10-10T23:00:00Z,9.0086684618823,13.422916008204627,0,0
0135504,2018-10-11T02:00:00Z,360.794740276103,2018-10-10T23:45:00Z,8.570674099851354,12.770304408778518,0,0
0136518,2018-10-10T18:30:00Z,307.943058162251,2018-10-10T21:00:00Z,10.208488422891945,15.210647750108997,0,0
0136749,2018-10-10T22:15:00Z,246.7778282703,2018-10-10T22:15:00Z,14.497352955835405,21.60105590419475,0,0
0136022,2018-10-10T23:15:00Z,217.847525564806,2018-10-10T22:30:00Z,16.26741380708896,24.23844657256255,0,0
0136527,2018-10-10T13:45:00Z,237.455279486223,2018-10-10T13:45:00Z,14.61539954031386,21.77694531506765,0,0
0136578,2018-10-10T17:00:00Z,233.337895799354,2018-10-10T14:00:00Z,14.774457918295512,22.013942298260314,0,0
0136532,2018-10-10T13:15:00Z,220.437788206058,2018-10-10T13:30:00Z,15.852083610468048,23.619604579597393,0,0
0136511,2018-10-10T13:00:00Z,199.372838299421,2018-10-10T13:15:00Z,17.49692019313912,26.070411087777288,0,0
0135188,2018-10-10T23:30:00Z,312.684716347765,2018-10-10T23:00:00Z,10.846897660622899,16.16187751432812,0,0
0135074,2018-10-10T23:45:00Z,312.086317867632,2018-10-10T23:00:00Z,10.852554489193862,16.170306188898856,0,0
0135031,2018-10-11T03:30:00Z,330.143963290375,2018-10-11T00:45:00Z,9.150649630552627,13.634467949523414,0,0
0135097,2018-10-11T02:45:00Z,321.540528636615,2018-10-10T23:45:00Z,9.719975323457868,14.482763231952223,0,0
0135013,2018-10-11T03:00:00Z,314.188389697745,2018-10-10T23:45:00Z,9.91818786435895,14.778099917894837,0,0
0136081,2018-10-10T22:00:00Z,131.663509907894,2018-10-10T21:45:00Z,24.168193403155552,36.01060817070177,360,360
0136037,2018-10-10T20:45:00Z,182.922871084182,2018-10-10T21:15:00Z,19.306310836379307,28.766403146205167,0,0
0136250,2018-10-11T03:45:00Z,260.09977052361,2018-10-11T00:45:00Z,11.75888240330978,17.520734780931573,0,0
0136279,2018-10-11T04:00:00Z,266.598723298502,2018-10-11T01:00:00Z,11.323000128451525,16.87127019139277,0,0
0136854,2018-10-11T02:15:00Z,137.809088646874,2018-10-10T23:15:00Z,19.90716202093075,29.661671411186816,0,0
0135960,2018-10-11T05:00:00Z,262.716452418838,2018-10-11T02:00:00Z,10.819495174531871,16.121047810052488,0,0
0135961,2018-10-11T05:00:00Z,293.71700210305,2018-10-11T01:45:00Z,9.756739010565774,14.537541125743003,0,0
0136904,2018-10-10T19:45:00Z,334.98620509717,2018-10-10T22:00:00Z,9.558386831932681,14.241996379579696,0,0
0136921,2018-10-10T19:30:00Z,322.887781396853,2018-10-10T21:45:00Z,10.014415514809391,14.921479117065992,0,0
0136912,2018-10-10T20:00:00Z,345.383134537818,2018-10-10T22:15:00Z,9.191819687354556,13.695811334158288,0,0
0136910,2018-10-10T20:00:00Z,330.621567435579,2018-10-10T22:00:00Z,9.823801816493445,14.637464706575233,0,0
0136540,2018-10-10T18:45:00Z,253.876272424557,2018-10-10T20:30:00Z,13.373422860296264,19.926400061841434,0,0
0135160,2018-10-11T02:30:00Z,246.538861689506,2018-10-10T23:15:00Z,13.27764253969194,19.78368738414099,0,0
0135660,2018-10-11T03:15:00Z,458.276353650319,2018-10-11T01:00:00Z,5.597756547386248,8.340657255605509,0,0
0136442,2018-10-10T19:15:00Z,123.634731355678,2018-10-10T19:45:00Z,25.457484530546566,37.931651950514386,405,405
0136028,2018-10-10T20:15:00Z,147.109522138348,2018-10-10T20:45:00Z,22.805669802651607,33.9804480059509,300,300
0135057,2018-10-11T03:00:00Z,362.487063116391,2018-10-11T00:15:00Z,8.249034996543957,12.291062144850496,0,0
0135621,2018-10-11T03:45:00Z,360.10491325413,2018-10-11T01:00:00Z,8.05963492539344,12.008856038836225,0,0
0136303,2018-10-10T21:00:00Z,52.6707086483399,2018-10-10T21:00:00Z,38.02927142838334,56.663614428291176,585,585
0135974,2018-10-11T05:00:00Z,310.402963787928,2018-10-11T01:45:00Z,9.211382890678777,13.724960507111378,0,0
0135986,2018-10-11T05:30:00Z,308.439215682975,2018-10-11T02:15:00Z,8.999899147717473,13.409849730099035,0,0
0135981,2018-10-11T06:15:00Z,311.298249470456,2018-10-11T02:45:00Z,8.539321466692911,12.723588985372437,0,0
0136092,2018-10-10T23:45:00Z,202.257620958298,2018-10-10T22:30:00Z,17.24793345290333,25.69942084482596,0,0
0136020,2018-10-10T23:00:00Z,202.522284595566,2018-10-10T22:15:00Z,17.42990622841116,25.970560280332627,0,0
0136441,2018-10-10T18:15:00Z,199.861051163761,2018-10-10T19:30:00Z,16.978005226964573,25.297227788177214,0,0
0135906,2018-10-11T03:45:00Z,285.430506827914,2018-10-11T00:45:00Z,10.669659846030797,15.897793170585887,0,0
0135990,2018-10-11T03:45:00Z,310.339009355148,2018-10-11T01:00:00Z,9.732908090004562,14.502033054106798,0,0
0135559,2018-10-11T01:00:00Z,402.804562018105,2018-10-10T23:45:00Z,7.357263150297554,10.962322093943355,0,0
0135581,2018-10-11T02:15:00Z,432.234359639967,2018-10-11T00:15:00Z,6.36888137116914,9.489633243042018,0,0
0135571,2018-10-11T01:45:00Z,449.369344047556,2018-10-11T00:15:00Z,5.992087822875676,8.928210856084757,0,0
0135565,2018-10-11T02:15:00Z,412.579221901661,2018-10-11T00:15:00Z,6.903603352746297,10.286368995591983,0,0
0136313,2018-10-10T20:00:00Z,80.5293591591774,2018-10-10T20:15:00Z,32.20115581775501,47.97972216845496,525,525
0136340,2018-10-10T19:30:00Z,82.2798778124028,2018-10-10T19:45:00Z,31.984273506851668,47.656567525208985,540,540
0135443,2018-10-10T21:15:00Z,349.221950402913,2018-10-10T22:45:00Z,9.26327302593532,13.802276808643626,0,0
0135480,2018-10-10T22:15:00Z,354.973071612211,2018-10-10T23:00:00Z,9.097975694944475,13.555983785467268,0,0
0135755,2018-10-11T05:00:00Z,328.814455008052,2018-10-11T02:00:00Z,8.564452329035856,12.761033970263425,0,0
0135751,2018-10-11T05:30:00Z,361.181753947869,2018-10-11T02:15:00Z,7.440059523879482,11.085688690580428,0,0
0135766,2018-10-11T05:30:00Z,365.508336889896,2018-10-11T02:15:00Z,7.272776248243323,10.83643660988255,0,0
0135221,2018-10-11T01:15:00Z,311.078877083474,2018-10-10T23:15:00Z,10.702782841487808,15.947146433816835,0,0
0135206,2018-10-11T01:45:00Z,305.639504708645,2018-10-10T23:30:00Z,10.74345880838554,16.007753624494455,0,0
0135061,2018-10-11T01:00:00Z,316.772363176618,2018-10-10T23:15:00Z,10.463822239032714,15.591095136158744,0,0
0135127,2018-10-11T01:00:00Z,319.620148620686,2018-10-10T23:15:00Z,10.337319353853141,15.40260583724118,0,0
0135254,2018-10-11T01:30:00Z,312.577056219334,2018-10-10T23:15:00Z,10.56691096638327,15.744697339911072,0,0
0135576,2018-10-10T23:00:00Z,410.393286317603,2018-10-10T23:30:00Z,7.20680391885803,10.738137839098465,0,0
0135552,2018-10-11T00:30:00Z,444.409306038308,2018-10-10T23:45:00Z,6.216957916533477,9.263267295634881,0,0
0136830,2018-10-11T01:15:00Z,145.343838884929,2018-10-10T22:45:00Z,20.84935821233585,31.065543736380416,180,180
0136832,2018-10-11T01:15:00Z,155.910725530844,2018-10-10T22:45:00Z,20.021185705292226,29.831566700885414,30,30
0135756,2018-10-11T04:15:00Z,387.084488533335,2018-10-11T01:30:00Z,7.118066434095362,10.60591898680209,0,0
0136040,2018-10-10T21:30:00Z,209.017119013925,2018-10-10T21:45:00Z,17.161088347156408,25.570021637263046,0,0
0136075,2018-10-10T23:45:00Z,165.374877876617,2018-10-10T22:15:00Z,20.214834990862077,30.120104136384494,90,90
0135816,2018-10-11T04:45:00Z,380.719959283122,2018-10-11T01:45:00Z,7.140431643613552,10.639243148984193,0,0
0135824,2018-10-11T04:30:00Z,382.684386674447,2018-10-11T01:30:00Z,7.209074598293106,10.741521151456729,0,0
0136732,2018-10-10T20:45:00Z,322.862532335546,2018-10-10T22:15:00Z,10.304594883953913,15.35384637709133,0,0
0136763,2018-10-10T20:15:00Z,318.911463654758,2018-10-10T22:00:00Z,10.414083252286375,15.516984045906698,0,0
0135950,2018-10-11T04:15:00Z,320.232410486873,2018-10-11T01:15:00Z,9.16786351811746,13.660116641995016,0,0
0136695,2018-10-10T13:00:00Z,261.507515690304,2018-10-10T13:00:00Z,13.10157538261788,19.52134732010064,0,0
0136522,2018-10-10T17:45:00Z,291.724694380085,2018-10-10T13:30:00Z,11.140760201341111,16.599732699998256,0,0
0136544,2018-10-10T12:45:00Z,247.119581956865,2018-10-10T13:00:00Z,14.01683535313555,20.885084676171967,0,0
0136105,2018-10-10T22:15:00Z,181.77373921003,2018-10-10T22:00:00Z,19.26576468170569,28.705989375741478,0,0
0136116,2018-10-10T22:30:00Z,180.155200147201,2018-10-10T22:00:00Z,19.328260192577275,28.79910768694014,0,0
0136013,2018-10-10T23:15:00Z,164.315605113475,2018-10-10T22:15:00Z,20.51391076253991,30.565727036184466,135,135
0135481,2018-10-10T22:30:00Z,391.131680365855,2018-10-10T23:15:00Z,7.8134874491468675,11.642096299228832,0,0
0136871,2018-10-11T00:45:00Z,95.5604550986473,2018-10-10T22:45:00Z,25.815355201651595,38.464879250460875,480,480
0135178,2018-10-11T02:00:00Z,272.40553265267,2018-10-10T23:15:00Z,12.214126750012614,18.199048857518793,0,0
0135114,2018-10-11T00:30:00Z,293.684031173947,2018-10-10T23:00:00Z,11.64366812052019,17.349065499575083,0,0
0135051,2018-10-11T01:00:00Z,273.937476234702,2018-10-10T23:00:00Z,12.524219049299715,18.661086383456574,0,0
0135143,2018-10-11T00:45:00Z,260.948865901019,2018-10-10T23:00:00Z,13.285577910234096,19.7955110862488,0,0
0135490,2018-10-10T23:30:00Z,320.379561436122,2018-10-10T23:00:00Z,10.504279381346896,15.651376278206875,0,0
0135580,2018-10-11T01:00:00Z,353.114006325785,2018-10-10T23:30:00Z,9.006338000825066,13.419443621229348,0,0
0136556,2018-10-10T18:15:00Z,270.054086767338,2018-10-10T20:15:00Z,11.975617919971807,17.843670700757993,0,0
0136067,2018-10-10T22:45:00Z,222.70405174959,2018-10-10T22:15:00Z,16.052549295189344,23.918298449832122,0,0
0136703,2018-10-10T22:00:00Z,243.435638066557,2018-10-10T22:15:00Z,14.725894774935053,21.941583214653228,0,0
0136526,2018-10-10T13:30:00Z,230.20924036715,2018-10-10T13:30:00Z,15.132672649812628,22.547682248220816,0,0
0136562,2018-10-10T18:00:00Z,235.440744079048,2018-10-10T19:30:00Z,14.04860069718461,20.93241503880507,0,0
0136579,2018-10-10T18:00:00Z,250.589113395109,2018-10-10T19:45:00Z,13.084526305891506,19.495944195778343,0,0
0136502,2018-10-10T18:15:00Z,225.280309049727,2018-10-10T19:45:00Z,15.00844283848062,22.362579829336124,0,0
0135035,2018-10-10T23:30:00Z,288.733700348706,2018-10-10T22:45:00Z,12.004255307968046,17.88634040887239,0,0
0135016,2018-10-11T04:00:00Z,342.268535241542,2018-10-11T01:15:00Z,8.522661176139517,12.69876515244788,0,0
0135952,2018-10-11T03:45:00Z,309.548735842594,2018-10-11T00:45:00Z,9.780283877656963,14.572622977708875,0,0
0135146,2018-10-11T03:00:00Z,300.654940889246,2018-10-10T23:45:00Z,10.512331947183883,15.663374601303985,0,0
0136860,2018-10-11T00:30:00Z,120.112860637133,2018-10-10T22:30:00Z,23.855089115533577,35.54408278214503,390,390
0136033,2018-10-10T20:15:00Z,187.789259288793,2018-10-10T21:00:00Z,18.81661082304406,28.036750126335647,0,0
0136071,2018-10-10T20:45:00Z,158.959269676268,2018-10-10T21:00:00Z,21.577474113847508,32.150436429632784,225,225
0136201,2018-10-11T03:30:00Z,250.669277367255,2018-10-10T23:45:00Z,12.34175770758205,18.389218984297255,0,0
0135096,2018-10-11T03:00:00Z,265.116443819595,2018-10-10T23:30:00Z,12.00024821989113,17.880369847637784,0,0
0135905,2018-10-11T04:00:00Z,271.995396437934,2018-10-11T01:00:00Z,11.035361213757124,16.442688208498115,0,0
0136276,2018-10-11T02:45:00Z,192.319155271067,2018-10-10T23:15:00Z,16.054773074671093,23.921611881259928,0,0
0136274,2018-10-11T03:15:00Z,180.386584545602,2018-10-10T23:30:00Z,16.25162426254411,24.21492015119072,0,0
0135967,2018-10-11T05:30:00Z,291.040418347464,2018-10-11T02:15:00Z,9.57092299263513,14.260675259026343,0,0
0136262,2018-10-11T04:30:00Z,230.712005593487,2018-10-11T01:30:00Z,12.525991854288968,18.66372786289056,0,0
0136323,2018-10-10T20:30:00Z,116.874616739666,2018-10-10T20:45:00Z,26.444687488577497,39.40258435798047,405,405
0136322,2018-10-10T20:30:00Z,79.3854186652994,2018-10-10T20:30:00Z,32.29160317786802,48.11448873502335,525,525
0136473,2018-10-10T19:00:00Z,208.062793682641,2018-10-10T20:00:00Z,16.661114795822968,24.825061045776224,0,0
0135136,2018-10-11T00:30:00Z,227.725989257003,2018-10-10T22:45:00Z,15.29132735374556,22.784077757080883,0,0
0135098,2018-10-11T02:45:00Z,367.473862286171,2018-10-10T23:45:00Z,8.13501636668625,12.121174386362512,0,0
0135540,2018-10-11T02:45:00Z,385.569650430952,2018-10-11T00:30:00Z,7.563346249165545,11.269385911256663,0,0
0136362,2018-10-10T20:45:00Z,81.3607923270933,2018-10-10T20:45:00Z,31.73728929173418,47.288561044683924,510,510
0136773,2018-10-10T21:00:00Z,268.572395785099,2018-10-10T22:00:00Z,13.130005843589315,19.563708706948077,0,0
0135988,2018-10-11T05:30:00Z,309.770259164301,2018-10-11T02:15:00Z,8.867059372559247,13.211918465113278,0,0
0135966,2018-10-11T06:15:00Z,318.821573168754,2018-10-11T02:45:00Z,8.264903835405041,12.314706714753513,0,0
0135907,2018-10-11T03:45:00Z,278.378080958355,2018-10-11T00:45:00Z,10.938027468258447,16.297660927705085,0,0
0135574,2018-10-10T23:15:00Z,396.063960560816,2018-10-10T23:30:00Z,7.648871239459704,11.39681814679496,0,0
0135563,2018-10-11T00:45:00Z,420.503792893802,2018-10-10T23:45:00Z,6.847621534981688,10.202956087122715,0,0
0136301,2018-10-10T20:30:00Z,46.0797710213297,2018-10-10T20:30:00Z,40.66021653946017,60.58372264379566,585,585
0135442,2018-10-10T21:45:00Z,382.75262059464,2018-10-10T23:00:00Z,8.062366672623146,12.012926342208488,0,0
0135474,2018-10-10T22:15:00Z,326.35434036178,2018-10-10T22:45:00Z,10.28057602554969,15.318058278069039,0,0
0136765,2018-10-10T21:30:00Z,300.455618159975,2018-10-10T22:30:00Z,11.459842599261988,17.075165472900363,0,0
0136312,2018-10-10T21:00:00Z,34.1586833848351,2018-10-10T21:00:00Z,45.06428822465836,67.14578945474096,600,600
0135744,2018-10-11T05:30:00Z,320.938611100031,2018-10-11T02:15:00Z,8.545125894592477,12.73223758294279,0,0
0135130,2018-10-11T01:15:00Z,340.825646454066,2018-10-10T23:30:00Z,9.44894374147164,14.078926174792743,0,0
0135233,2018-10-11T01:30:00Z,307.984161732607,2018-10-10T23:15:00Z,10.743768720505766,16.00821539355359,0,0
0135235,2018-10-11T02:00:00Z,304.638353707346,2018-10-10T23:30:00Z,10.69537899257523,15.936114698937093,0,0
0135073,2018-10-11T01:30:00Z,330.938450901855,2018-10-10T23:30:00Z,9.763330906281826,14.547363050359921,0,0
0135060,2018-10-11T01:15:00Z,321.984156678439,2018-10-10T23:15:00Z,10.177835274954292,15.164974559681895,0,0
0135633,2018-10-11T03:30:00Z,473.539688273261,2018-10-11T01:15:00Z,5.250502249665504,7.823248352001602,0,0
0136874,2018-10-11T01:45:00Z,126.225261195607,2018-10-10T23:00:00Z,21.558419128231076,32.1220445010643,285,285
0136047,2018-10-10T21:30:00Z,190.829380256978,2018-10-10T21:45:00Z,18.6138413076521,27.734623548401625,0,0
0136031,2018-10-10T23:30:00Z,143.650207848625,2018-10-10T22:15:00Z,22.211562138675056,33.09522758662583,285,285
0135805,2018-10-11T04:45:00Z,377.839147220414,2018-10-11T01:45:00Z,7.235999493838365,10.781639245819164,0,0
0136769,2018-10-10T20:15:00Z,269.180550484299,2018-10-10T21:30:00Z,12.94899432441652,19.294001543380613,0,0
0135543,2018-10-11T01:45:00Z,425.866934222042,2018-10-10T23:45:00Z,6.593906263086523,9.82492033199892,0,0
0135747,2018-10-11T04:45:00Z,340.532432296203,2018-10-11T01:45:00Z,8.314980518561432,12.389320972656535,0,0
0135175,2018-10-11T04:15:00Z,351.349890544831,2018-10-11T01:30:00Z,8.151036710319206,12.145044698375616,0,0
0136608,2018-10-10T13:00:00Z,266.186673406928,2018-10-10T13:00:00Z,12.814672495928376,19.09386201893328,0,0
0136605,2018-10-10T13:15:00Z,245.629360704493,2018-10-10T13:15:00Z,14.100962951852514,21.010434798260246,0,0
0136604,2018-10-10T13:15:00Z,249.904781577016,2018-10-10T13:15:00Z,13.811535286104197,20.579187576295254,0,0
0136693,2018-10-10T13:00:00Z,251.686094555536,2018-10-10T13:15:00Z,13.709337328318451,20.426912619194493,0,0
0136618,2018-10-10T13:15:00Z,261.382762451836,2018-10-10T13:15:00Z,13.093748119114553,19.509684697480683,0,0
0136602,2018-10-10T13:30:00Z,249.140887050394,2018-10-10T13:30:00Z,13.85810335284648,20.648573995741256,0,0
0136575,2018-10-10T13:15:00Z,270.925486191119,2018-10-10T13:15:00Z,12.526924011390014,18.66511677697112,0,0
0136590,2018-10-10T13:00:00Z,246.724734796162,2018-10-10T13:00:00Z,14.037831134760937,20.916368390793796,0,0
0136481,2018-10-10T20:00:00Z,244.880040596767,2018-10-10T21:15:00Z,14.383436685848764,21.431320661914658,0,0
0136104,2018-10-10T22:45:00Z,196.902426434854,2018-10-10T22:15:00Z,17.927376811495737,26.711791449128647,0,0
0135640,2018-10-11T03:45:00Z,382.17985394887,2018-10-11T01:00:00Z,7.439695426041884,11.085146184802406,0,0
0135447,2018-10-10T22:00:00Z,391.146296778137,2018-10-10T23:15:00Z,7.801670521213208,11.62448907660768,0,0
0135466,2018-10-10T22:30:00Z,372.996501220493,2018-10-10T23:15:00Z,8.43097388757619,12.562151092488524,0,0
0136858,2018-10-11T00:45:00Z,117.282156589908,2018-10-10T22:45:00Z,23.635057556541213,35.21623575924641,405,405
0136856,2018-10-11T01:30:00Z,91.0236910445036,2018-10-10T23:00:00Z,25.181034695853768,37.519741696822116,480,480
0135987,2018-10-11T03:30:00Z,295.055686479094,2018-10-11T00:45:00Z,10.427201031286785,15.536529536617309,0,0
0135043,2018-10-11T01:15:00Z,284.187630797429,2018-10-10T23:15:00Z,11.934340964141995,17.782168036571573,0,0
0135044,2018-10-11T01:30:00Z,258.804471902109,2018-10-10T23:15:00Z,13.09623692443657,19.51339301741049,0,0
0135476,2018-10-10T22:45:00Z,347.030957953318,2018-10-10T23:00:00Z,9.410900921002959,14.022242372294409,0,0
0135401,2018-10-10T22:45:00Z,344.578465630851,2018-10-10T23:00:00Z,9.513071298122476,14.174476234202489,0,0
0135458,2018-10-10T23:00:00Z,371.006917211232,2018-10-10T23:15:00Z,8.50441066817767,12.671571895584728,0,0
0135550,2018-10-11T01:30:00Z,350.494085350514,2018-10-10T23:30:00Z,9.033300319376401,13.459617475870838,0,0
0135501,2018-10-11T01:30:00Z,365.023673710935,2018-10-10T23:30:00Z,8.513095792962133,12.684512731513578,0,0
0136583,2018-10-10T18:15:00Z,296.157653405152,2018-10-10T20:45:00Z,10.689591224608618,15.927490924666841,0,0
0136726,2018-10-10T20:15:00Z,247.276137700918,2018-10-10T21:30:00Z,14.34636507733293,21.376083965226066,0,0
0136051,2018-10-10T23:15:00Z,228.917379015473,2018-10-10T22:30:00Z,15.5127782423195,23.114039581056055,0,0
0136559,2018-10-10T13:15:00Z,229.769686311517,2018-10-10T13:30:00Z,15.17377780882439,22.60892893514834,0,0
0136027,2018-10-10T23:45:00Z,82.438736632839,2018-10-10T22:15:00Z,28.68935463876352,42.74713841175764,525,525
0136016,2018-10-10T23:00:00Z,92.955523564704,2018-10-10T22:00:00Z,28.309910150516167,42.18176612426909,480,480
0136048,2018-10-10T22:15:00Z,100.80932296386,2018-10-10T21:45:00Z,27.774917344864345,41.384626843847876,480,480
0135042,2018-10-10T23:00:00Z,293.110089685659,2018-10-10T22:45:00Z,11.833169652630579,17.631422782419563,0,0
0135172,2018-10-11T02:30:00Z,323.311805455315,2018-10-10T23:45:00Z,9.746666018839244,14.522532368070474,0,0
0135980,2018-10-11T04:00:00Z,323.697118585818,2018-10-11T01:00:00Z,9.205379666341097,13.716015702848233,0,0
0135063,2018-10-11T02:00:00Z,344.188540683645,2018-10-10T23:30:00Z,9.148212920937942,13.630837252197534,0,0
0136456,2018-10-10T20:00:00Z,186.025375140366,2018-10-10T20:45:00Z,18.90893863890894,28.174318571974318,0,0
0136474,2018-10-10T19:45:00Z,162.828672703902,2018-10-10T20:30:00Z,21.08103347864801,31.410739883185535,195,195
0136260,2018-10-11T03:00:00Z,254.832848386177,2018-10-10T23:30:00Z,12.420617442045307,18.506719988647507,0,0
0136852,2018-10-11T02:15:00Z,145.809601695975,2018-10-10T23:00:00Z,19.607140744584875,29.214639709431463,0,0
0135046,2018-10-11T00:00:00Z,249.082041603122,2018-10-10T22:45:00Z,14.100753923356422,21.01012334580107,0,0
0136919,2018-10-10T19:00:00Z,322.307080700386,2018-10-10T21:30:00Z,9.85887270034687,14.689720323516836,0,0
0136451,2018-10-10T19:15:00Z,276.962666542405,2018-10-10T21:15:00Z,12.212363920555728,18.196422241628035,0,0
0136436,2018-10-10T19:30:00Z,267.962842760124,2018-10-10T21:15:00Z,12.85107144032919,19.14809644609049,0,0
0136268,2018-10-11T03:00:00Z,244.443800957458,2018-10-10T23:30:00Z,13.00097635999321,19.371454776389882,0,0
0135072,2018-10-11T01:45:00Z,225.073922789013,2018-10-10T23:00:00Z,14.917432083778825,22.22697380483045,0,0
0136453,2018-10-10T19:45:00Z,111.377899551181,2018-10-10T20:00:00Z,27.24718603110083,40.598307186340236,435,435
0136009,2018-10-10T20:30:00Z,144.073012223757,2018-10-10T20:45:00Z,23.14980495247205,34.493209379183355,300,300
0135661,2018-10-11T03:30:00Z,449.676319542218,2018-10-11T01:15:00Z,5.750044027671336,8.56756560123029,0,0
0136454,2018-10-10T19:00:00Z,208.166669301019,2018-10-10T20:15:00Z,16.690714685835207,24.86916488189446,0,0
0136483,2018-10-10T18:45:00Z,150.802934682617,2018-10-10T19:30:00Z,22.01782223875083,32.80655513573874,240,240
0135070,2018-10-11T03:00:00Z,338.76757789643,2018-10-10T23:45:00Z,9.05333740612646,13.489472735128425,0,0
0136353,2018-10-10T21:45:00Z,63.4876655877075,2018-10-10T21:30:00Z,34.347162041714796,51.177271442155046,555,555
0136701,2018-10-10T21:45:00Z,257.511035352551,2018-10-10T22:15:00Z,13.846180974265833,20.63080965165609,0,0
0136767,2018-10-10T21:15:00Z,255.009533062247,2018-10-10T22:00:00Z,13.96809760917428,20.812465437669676,0,0
0135962,2018-10-11T04:45:00Z,307.973973828998,2018-10-11T01:45:00Z,9.378034788923031,13.973271835495316,0,0
0136024,2018-10-11T00:30:00Z,193.80083138014,2018-10-10T22:45:00Z,17.64676228081114,26.293675798408596,0,0
0136078,2018-10-11T00:15:00Z,177.99701671702,2018-10-10T22:30:00Z,18.948945434381823,28.233928697228915,0,0
0136054,2018-10-10T23:00:00Z,205.695200666158,2018-10-10T22:15:00Z,17.219212686786214,25.65662690331146,0,0
0135545,2018-10-10T23:30:00Z,400.76501670832,2018-10-10T23:30:00Z,7.494856501542468,11.167336187298277,0,0
0135593,2018-10-11T01:30:00Z,458.476646444993,2018-10-11T00:15:00Z,5.797703464607943,8.638578162265835,0,0
0136305,2018-10-10T20:30:00Z,57.2124012604005,2018-10-10T20:45:00Z,37.14522370725886,55.346383323815694,570,570
0136370,2018-10-10T21:00:00Z,25.960756701425,2018-10-10T21:00:00Z,49.409952601946394,73.62082937690013,615,615
0135768,2018-10-11T05:30:00Z,346.236750233555,2018-10-11T02:15:00Z,7.786171984529353,11.601396256948735,0,0
0135748,2018-10-11T05:00:00Z,362.323653379439,2018-10-11T02:00:00Z,7.535556308344567,11.227978899433404,0,0
0135228,2018-10-11T01:00:00Z,313.136439904285,2018-10-10T23:15:00Z,10.617431655858558,15.819973167229252,0,0
0135215,2018-10-11T02:00:00Z,310.538624684252,2018-10-10T23:30:00Z,10.45666827799905,15.580435734218584,0,0
0135212,2018-10-11T01:45:00Z,307.029640094251,2018-10-10T23:30:00Z,10.724262909792868,15.979151735591373,0,0
0135203,2018-10-11T01:30:00Z,309.230402035313,2018-10-10T23:15:00Z,10.685123559352812,15.92083410343569,0,0
0135005,2018-10-11T01:15:00Z,328.455682499255,2018-10-10T23:30:00Z,9.911129169173208,14.767582462068079,0,0
0135118,2018-10-11T01:00:00Z,328.224015255609,2018-10-10T23:15:00Z,9.977955925391198,14.867154328832886,0,0
0135207,2018-10-11T01:45:00Z,313.447208367614,2018-10-10T23:30:00Z,10.471765186783895,15.602930128308003,0,0
0135117,2018-10-11T01:45:00Z,326.114615119398,2018-10-10T23:30:00Z,9.902489269666765,14.75470901180348,0,0
0135226,2018-10-11T01:00:00Z,303.59317335562,2018-10-10T23:15:00Z,11.048634425266439,16.462465293646993,0,0
0135630,2018-10-11T03:30:00Z,459.983603183584,2018-10-11T01:15:00Z,5.525816186919893,8.23346611851064,0,0
0135634,2018-10-11T03:45:00Z,463.102485429526,2018-10-11T01:30:00Z,5.411294116770528,8.062828233988087,0,0
0135610,2018-10-11T04:15:00Z,438.826899904952,2018-10-11T01:45:00Z,5.825587281544377,8.680125049501122,0,0
0135603,2018-10-11T03:45:00Z,390.470326484023,2018-10-11T01:15:00Z,7.155100760487448,10.661100133126297,0,0
0136804,2018-10-11T01:30:00Z,133.971553431473,2018-10-10T22:45:00Z,21.430225900810463,31.93103659220759,255,255
0135620,2018-10-11T04:45:00Z,419.693212954537,2018-10-11T01:45:00Z,6.1913676588449915,9.225137811679037,0,0
0135806,2018-10-11T04:45:00Z,386.190178859214,2018-10-11T01:45:00Z,7.004739380144924,10.437061676415937,0,0
0135758,2018-10-11T04:30:00Z,387.058931595111,2018-10-11T01:45:00Z,7.041973643282844,10.492540728491438,0,0
0135811,2018-10-11T05:00:00Z,376.0104453505,2018-10-11T02:00:00Z,7.167606126288692,10.67973312817015,0,0
0135763,2018-10-11T04:45:00Z,360.610167725469,2018-10-11T01:45:00Z,7.702502239141651,11.476728336321061,0,0
0135761,2018-10-11T05:30:00Z,377.853028666997,2018-10-11T02:15:00Z,6.9889871096953025,10.413590793446001,0,0
0135759,2018-10-11T05:15:00Z,383.936178134296,2018-10-11T02:00:00Z,6.933772975084954,10.331321732876582,0,0
0136782,2018-10-10T20:00:00Z,307.628367913752,2018-10-10T22:00:00Z,10.886774841296564,16.22129451353188,0,0
0136722,2018-10-10T20:15:00Z,276.936352241793,2018-10-10T21:45:00Z,12.547462526205306,18.695719164045908,0,0
0135754,2018-10-11T04:15:00Z,363.769125366184,2018-10-11T01:30:00Z,7.76461633897646,11.569278345074926,0,0
0136611,2018-10-10T13:30:00Z,257.227484404446,2018-10-10T13:30:00Z,13.337642823035406,19.873087806322754,0,0
0136607,2018-10-10T13:15:00Z,253.793334297964,2018-10-10T13:15:00Z,13.564516105049949,20.211128996524423,0,0
0136523,2018-10-10T12:45:00Z,235.71410473552,2018-10-10T13:00:00Z,14.782686406162979,22.02620274518284,0,0
0136768,2018-10-10T20:30:00Z,221.467806248146,2018-10-10T21:15:00Z,16.154906330188552,24.07081043198094,0,0
0135775,2018-10-11T04:15:00Z,371.983849539987,2018-10-11T01:30:00Z,7.548395004852525,11.247108557230263,0,0
0136082,2018-10-10T21:45:00Z,129.542928507158,2018-10-10T21:30:00Z,24.56774785986042,36.605944311192026,375,375
0135187,2018-10-10T23:45:00Z,284.893794258386,2018-10-10T23:00:00Z,12.163486016277075,18.12359416425284,0,0
0136907,2018-10-10T20:15:00Z,358.845460415041,2018-10-10T22:30:00Z,8.747578519246272,13.033891993676944,0,0
0135149,2018-10-11T02:00:00Z,245.880923250028,2018-10-10T23:15:00Z,13.632548893346566,20.312497851086384,0,0
0135032,2018-10-11T01:45:00Z,257.231975373958,2018-10-10T23:15:00Z,13.12974014937587,19.563312822570047,0,0
0136861,2018-10-11T01:30:00Z,194.260890461905,2018-10-10T23:00:00Z,16.953990017253194,25.261445125707258,0,0
0135475,2018-10-10T23:30:00Z,360.38167183056,2018-10-10T23:15:00Z,8.876018081510633,13.225266941450844,0,0
0135457,2018-10-10T22:45:00Z,364.970845216508,2018-10-10T23:15:00Z,8.723325765421068,12.99775539047739,0,0
0136529,2018-10-10T18:00:00Z,298.942819452237,2018-10-10T20:45:00Z,10.430620664985623,15.541624790828578,0,0
0136507,2018-10-10T17:30:00Z,235.12820541185,2018-10-10T17:00:00Z,14.319259442752523,21.33569656970126,0,0
0136480,2018-10-10T18:45:00Z,243.324261971099,2018-10-10T20:15:00Z,13.939231470717074,20.76945489136844,0,0
0136574,2018-10-10T16:00:00Z,195.862344415865,2018-10-10T14:15:00Z,17.692808975122443,26.36228537293244,0,0
0136005,2018-10-10T22:30:00Z,117.051237492194,2018-10-10T21:45:00Z,25.69945565844451,38.29218893108232,420,420
0135126,2018-10-11T02:30:00Z,312.41745807903,2018-10-10T23:30:00Z,10.266083430846793,15.29646431196172,0,0
0136265,2018-10-11T04:00:00Z,257.748089379391,2018-10-11T01:00:00Z,11.629834875366331,17.328453964295832,0,0
0136272,2018-10-11T04:30:00Z,250.947140325069,2018-10-11T01:30:00Z,11.574938987661525,17.246659091615673,0,0
0135983,2018-10-11T04:45:00Z,279.616916497031,2018-10-11T01:45:00Z,10.31469510956674,15.368895713254442,0,0
0135973,2018-10-11T05:30:00Z,277.174814712881,2018-10-11T02:15:00Z,9.987351127584828,14.881153180101395,0,0
0135901,2018-10-11T04:15:00Z,281.808112525235,2018-10-11T01:15:00Z,10.526088907372243,15.683872471984643,0,0
0136908,2018-10-10T19:15:00Z,329.929500779253,2018-10-10T21:45:00Z,9.629459497085026,14.34789465065669,0,0
0136273,2018-10-11T04:00:00Z,206.953997499637,2018-10-11T01:00:00Z,13.9582292692003,20.79776161110845,0,0
0136477,2018-10-10T19:30:00Z,98.4039038802176,2018-10-10T19:45:00Z,29.215822890143087,43.5315761063132,495,495
0136079,2018-10-10T21:30:00Z,131.227407492346,2018-10-10T21:15:00Z,24.444237287204327,36.421913557934445,375,375
0136316,2018-10-10T20:00:00Z,85.9821988722543,2018-10-10T20:15:00Z,31.2212227329864,46.519621872149735,510,510
0135616,2018-10-11T02:45:00Z,480.151094047535,2018-10-11T01:00:00Z,5.19929862527401,7.746954951658275,0,0
0138852,2018-10-11T02:45:00Z,490.060797322254,2018-10-11T01:00:00Z,4.994273839631003,7.441468021050194,0,0
0135672,2018-10-11T03:30:00Z,429.627417383275,2018-10-11T01:00:00Z,6.231997857014905,9.285676806952209,0,0
0136460,2018-10-10T19:15:00Z,226.103118404385,2018-10-10T20:45:00Z,15.472741758382753,23.0543852199903,0,0
0135151,2018-10-11T01:00:00Z,248.068687842248,2018-10-10T23:00:00Z,13.876245202640808,20.675605351934802,0,0
0136026,2018-10-11T00:30:00Z,208.491993622477,2018-10-10T22:45:00Z,16.54240961606022,24.648190327929726,0,0
0136049,2018-10-10T21:00:00Z,153.072382963837,2018-10-10T21:15:00Z,22.159342992327844,33.01742105856849,270,270
0135077,2018-10-11T02:45:00Z,345.153723703215,2018-10-10T23:45:00Z,8.8636383043626,13.206821073500276,0,0
0135083,2018-10-11T03:45:00Z,340.583875989175,2018-10-11T00:45:00Z,8.740244628868137,13.022964497013524,0,0
0136371,2018-10-10T21:00:00Z,68.0094950558645,2018-10-10T20:45:00Z,34.294779907908044,51.099222062782985,525,525
0136345,2018-10-10T21:30:00Z,52.1657357257178,2018-10-10T21:15:00Z,37.44378765965702,55.791243612888955,570,570
0136785,2018-10-10T21:30:00Z,226.45594716968,2018-10-10T22:00:00Z,15.876877264661289,23.65654712434532,0,0
0135989,2018-10-11T06:00:00Z,301.598152361196,2018-10-11T02:30:00Z,8.94195407658628,13.323511574113557,0,0
0135765,2018-10-11T05:45:00Z,320.537765751206,2018-10-11T02:30:00Z,8.41834628215502,12.543335960410982,0,0
0136093,2018-10-10T23:30:00Z,190.012099279445,2018-10-10T22:30:00Z,18.26088203291405,27.208714229041934,0,0
0136025,2018-10-10T23:15:00Z,206.658887676208,2018-10-10T22:30:00Z,17.081196456794327,25.450982720623546,0,0
0136543,2018-10-10T18:30:00Z,226.023853936417,2018-10-10T20:00:00Z,15.071832330606634,22.457030172603886,0,0
0135542,2018-10-11T00:15:00Z,386.372240601478,2018-10-10T23:30:00Z,7.921950465789123,11.803706194025793,0,0
0135554,2018-10-11T01:00:00Z,396.955479601246,2018-10-10T23:30:00Z,7.5250302658983514,11.212295096188544,0,0
0136314,2018-10-10T19:45:00Z,70.7859500195547,2018-10-10T19:45:00Z,34.33329772836749,51.15661361526756,570,570
0135462,2018-10-10T21:45:00Z,355.480690061441,2018-10-10T22:45:00Z,9.054429068540983,13.491099312126066,0,0
0136744,2018-10-10T21:30:00Z,313.37974174126,2018-10-10T22:30:00Z,10.848446583788741,16.164185409845224,0,0
0136310,2018-10-10T22:30:00Z,60.0192566029777,2018-10-10T22:00:00Z,34.01707718791092,50.68544500998727,555,555
0136376,2018-10-10T21:15:00Z,41.8749198874608,2018-10-10T21:15:00Z,41.30845429799101,61.549596904006606,600,600
0136321,2018-10-10T21:00:00Z,41.7500838949114,2018-10-10T21:00:00Z,41.73071176797441,62.17876053428187,585,585
0135776,2018-10-11T05:15:00Z,347.583079480604,2018-10-11T02:00:00Z,7.919967967648527,11.800752271796306,0,0
0135740,2018-10-11T06:30:00Z,335.650136988693,2018-10-11T03:00:00Z,7.705082947225643,11.480573591366207,0,0
0135217,2018-10-11T01:45:00Z,311.73421565012,2018-10-10T23:30:00Z,10.47588972144007,15.609075684945706,0,0
0135068,2018-10-11T01:45:00Z,316.846502339612,2018-10-10T23:30:00Z,10.299359380075744,15.34604547631286,0,0
0135091,2018-10-11T02:15:00Z,325.528176674545,2018-10-10T23:30:00Z,9.778324646208347,14.569703722850436,0,0
0135652,2018-10-11T04:00:00Z,436.417842991539,2018-10-11T01:30:00Z,5.950685821020268,8.866521873320199,0,0
0135673,2018-10-11T03:45:00Z,405.623964507737,2018-10-11T01:00:00Z,6.785661096947415,10.110635034451647,0,0
0135618,2018-10-11T03:30:00Z,422.445857945255,2018-10-11T01:15:00Z,6.3777529953182315,9.502851963024165,0,0
0136867,2018-10-11T02:00:00Z,108.084099388689,2018-10-10T23:00:00Z,22.70057589812317,33.82385808820352,390,390
0135649,2018-10-11T04:15:00Z,389.150131744026,2018-10-11T01:30:00Z,7.101567286442269,10.581335256798981,0,0
0135773,2018-10-11T05:00:00Z,397.338354718017,2018-10-11T02:00:00Z,6.6470409346562365,9.904090992637792,0,0
0135757,2018-10-11T04:45:00Z,391.831738560598,2018-10-11T01:45:00Z,6.870735409673166,10.237395760413017,0,0
0136752,2018-10-10T22:00:00Z,212.718056263888,2018-10-10T22:00:00Z,16.853205884185623,25.11127676743658,0,0
0136083,2018-10-11T00:15:00Z,148.882275727349,2018-10-10T22:30:00Z,21.32954465056822,31.78102152934665,210,210
0136039,2018-10-10T23:30:00Z,152.606585909969,2018-10-10T22:15:00Z,21.433285512356974,31.935595413411892,225,225
0135760,2018-10-11T04:45:00Z,349.713895242003,2018-10-11T01:45:00Z,8.034341533877228,11.97116888547707,0,0
0136606,2018-10-10T13:15:00Z,251.766600384468,2018-10-10T13:15:00Z,13.696632684498502,20.407982699902767,0,0
0136612,2018-10-10T13:30:00Z,258.391192849945,2018-10-10T13:30:00Z,13.269891844513841,19.772138848325625,0,0
0136610,2018-10-10T13:30:00Z,254.27877068975,2018-10-10T13:30:00Z,13.526366055893831,20.15428542328181,0,0
0136560,2018-10-10T18:00:00Z,271.497852270795,2018-10-10T17:00:00Z,11.94047282866681,17.791304514713545,0,0
0136615,2018-10-10T13:15:00Z,246.091388087379,2018-10-10T13:15:00Z,14.065205224722046,20.957155784835848,0,0
0136528,2018-10-10T12:30:00Z,225.847547139186,2018-10-10T12:45:00Z,15.477509685298227,23.06148943109436,0,0
0136617,2018-10-10T13:15:00Z,254.435717014204,2018-10-10T13:15:00Z,13.521122555900066,20.1464726082911,0,0
0136115,2018-10-10T23:00:00Z,191.574863671938,2018-10-10T22:15:00Z,18.301140878519227,27.26869990899365,0,0
0136069,2018-10-10T22:15:00Z,163.57498202012,2018-10-10T21:45:00Z,20.90430311731926,31.147411644805697,180,180
0136113,2018-10-10T22:45:00Z,198.209951840806,2018-10-10T22:15:00Z,17.85036342013648,26.597041496003353,0,0
0136111,2018-10-10T22:45:00Z,188.714628510843,2018-10-10T22:15:00Z,18.59300801963236,27.703581949252218,0,0
0136278,2018-10-11T03:15:00Z,202.554468484341,2018-10-10T23:30:00Z,14.910175850753024,22.216162017622008,0,0
0136280,2018-10-11T03:30:00Z,196.402762413913,2018-10-11T00:45:00Z,14.831116646248603,22.098363802910416,0,0
0131905,2018-10-11T01:30:00Z,91.5649742997324,2018-10-10T23:00:00Z,24.866146445159604,37.05055820328781,480,480
0135128,2018-10-11T02:30:00Z,277.189510720103,2018-10-10T23:30:00Z,11.774610331678222,17.54416939420055,0,0
0135131,2018-10-11T03:15:00Z,278.587644467779,2018-10-10T23:45:00Z,11.3055933981131,16.845334163188518,0,0
0135953,2018-10-11T03:15:00Z,286.928470772343,2018-10-10T23:45:00Z,10.879276146707113,16.210121458593598,0,0
0135135,2018-10-11T02:45:00Z,271.461254119005,2018-10-10T23:30:00Z,11.811008110095052,17.598402084041627,0,0
0135112,2018-10-11T02:30:00Z,296.190069762659,2018-10-10T23:30:00Z,10.859044434472064,16.179976207363374,0,0
0135460,2018-10-10T21:00:00Z,357.83785664555,2018-10-10T22:45:00Z,8.899806388524482,13.260711518901477,0,0
0135459,2018-10-10T21:00:00Z,375.18800106718,2018-10-10T22:45:00Z,8.264980858874576,12.314821479723118,0,0
0136853,2018-10-11T01:30:00Z,184.121927024929,2018-10-10T23:00:00Z,17.720181641904304,26.403070646437413,0,0
0135446,2018-10-10T22:30:00Z,357.693828045842,2018-10-10T23:00:00Z,8.99791888245276,13.406899134854612,0,0
0135584,2018-10-11T01:45:00Z,350.188928098495,2018-10-10T23:30:00Z,8.962493976055933,13.354116024323341,0,0
0136548,2018-10-10T18:45:00Z,282.049335094749,2018-10-10T21:00:00Z,11.659100152174005,17.372059226739268,0,0
0136435,2018-10-10T20:00:00Z,256.635033134571,2018-10-10T21:30:00Z,13.654127370317502,20.34464978177308,0,0
